0;Admin;admin;admin;H;admin;0;admin@gmail.com;1/01/2001;21;10.0;No Aplica;0;0;0;Inactivo
217;Adrian;Rey;Quintanilla;H;adr.rey;L+79uxYcF?aZSZ;adr.rey@correo.net;21/11/1968;50;698.55;No Aplica;71;71;0;Disponible
129;Ainhoa;Torres;Macias;M;aintorres;VBpazwRSvF*.nC3;aintorres@email.com;28/07/1966;53;0.0;SI;7;50;1;Inactivo
418;Aitor;Serrano;Blanco;H;ait.serrano;c{9y{:AUE[z87#;ait.serrano@mail.es;23/10/1961;58;638.65;No Aplica;40;52;2;Disponible
10;Alberto;Gonzalez;Luna;H;gonzalez93;ZqiXD@Yp?Ay6+P.;gonzalez93@email.es;6/09/1973;46;532.28;No Aplica;62;50;1;Inactivo
287;Alberto;Segovia;Fernandez;H;segovia57;u#qPWqxDt7a.]Fe;segovia57@email.net;15/11/1953;65;732.79;No Aplica;30;46;3;Disponible
426;Alberto;Montoro;Carmona;H;montoro7;_RVG6R:w4}Ua49?;montoro7@email.net;13/08/1948;71;693.48;No Aplica;25;43;4;Inactivo
27;Alejandro;Duran;Fernandez;H;duran68;)!hqP_XS#{LScbw;duran68@correo.es;16/10/1941;78;130.07;No Aplica;33;71;0;Inactivo
107;Alejandro;Parejo;Domingo;H;aleparejo;7##E8T2XCd#8djC;aleparejo@mail.net;20/08/1994;25;231.76;No Aplica;43;29;4;Inactivo
191;Alejandro;Lastra;Mora;H;alejandrolastra100;8C839hy]bbBjTMU;alejandrolastra100@correo.net;15/11/1962;56;477.9;No Aplica;30;79;0;Disponible
138;Alfonso;Julian;Centeno;H;julian39;7V?5]axZ#vGPPU_;julian39@correo.net;9/07/1984;35;967.56;No Aplica;46;20;1;Disponible
179;Alfonso;Padilla;Marques;H;alfonsopadilla52;a)%LdcpufLU&QJf;alfonsopadilla52@correo.com;8/03/1948;71;617.26;No Aplica;89;87;6;Inactivo
210;Alicia;Saez;Gomez;M;alisaez;]ub*Q8&]3wDC{M3;alisaez@mail.net;19/03/1935;84;0.0;NO;3;6;0;Inactivo
453;Alicia;Berlanga;Di­az;M;alicia.berlanga;Ln4vmm3zEJbVh&Q;alicia.berlanga@correo.com;24/01/1952;67;0.0;SI;83;98;0;Disponible
53;Alvaro;Garcia;Sanchez;H;alv.garcia;+dNerBh.YYN-7Cc;alv.garcia@correo.com;3/03/1991;28;104.86;No Aplica;60;29;1;Disponible
139;Alvaro;Diaz;Valero;H;alvarodiaz;Z)#qQ&ygFg(H4*R;alvarodiaz@correo.es;13/06/1951;68;569.13;No Aplica;2;50;0;Disponible
280;Alvaro;Fernandez;Garcia;H;alvarofernandez;E3VF(rX7iH@[y#;alvarofernandez@mail.net;14/06/1977;42;76.86;No Aplica;74;6;1;Inactivo
374;Alvaro;Rodri­guez;Molina;H;rodriguez78;dzBC$uh.ba)z)p;rodriguez78@correo.net;23/02/1982;37;412.41;No Aplica;47;96;7;Disponible
247;Amparo;Plata;Berrio;M;amp.plata;jifDu5@QjxS:+_u;amp.plata@correo.es;8/01/1969;50;0.0;SI;33;80;4;Inactivo
261;Amparo;Mejias;Alarcon;M;amejias;MhuG-wwL#&LJLY7;amejias@mail.com;17/04/1943;76;0.0;NO;24;49;0;Disponible
215;Ana;Alarcon;Lujan;M;anaalarcon;mG*_(ApviPXtBST;anaalarcon@email.com;14/12/1996;22;0.0;NO;62;83;5;Inactivo
264;Ana;Fernandez;Mas;M;fernandez61;Weme[E8TBiy3am;fernandez61@correo.com;5/09/1985;34;0.0;NO;7;51;1;Inactivo
289;Ana;Marquez;Ruiz;M;anamarquez;Qc*?muqN9iHbK)m;anamarquez@correo.es;15/02/1941;78;0.0;NO;37;32;2;Disponible
427;Ana;Boix;Mesa;M;ana.boix;apyXUQJi{v4cH;ana.boix@email.com;10/10/1981;38;0.0;NO;17;92;1;Disponible
441;Ana;Fernandez;Moral;M;anafernandez;fw[Zf}Vd$S.xaHX;anafernandez@email.es;11/12/1980;38;0.0;NO;70;64;5;Inactivo
442;Ana;Alvarez;Campo;M;anaalvarez;gf(fV2Z=piFEvW;anaalvarez@correo.com;14/11/1950;68;0.0;NO;93;67;10;Disponible
365;Ana Isabel;Diez;Llop;M;andiez31;8.r7#@#:ji*x5;andiez31@mail.com;5/09/1997;22;0.0;SI;100;80;0;Inactivo
51;Ana Mari­a;Perez;Pose;M;anperez;)kxKMHuJh]W%}a;anperez@email.es;31/03/1970;49;0.0;NO;52;88;6;Disponible
58;Ana Mari­a;Andreu;Pitarch;M;andreu53;pTiXu({2#}_cLEe;andreu53@mail.net;24/04/1987;32;0.0;NO;76;76;12;Inactivo
414;Ana Mari­a;Ortiz;Sanchez;M;anortiz;$J4Xq-BwffX7n8Z;anortiz@correo.es;2/11/1992;26;0.0;NO;19;39;1;Inactivo
435;Ana Mari­a;Sanz;Recio;M;anasanz77;W5*T=zYyXd6+U;anasanz77@correo.es;27/11/1941;77;0.0;SI;48;21;1;Inactivo
133;Andrea;Fernandez;Sancho;M;andfernandez;VJh$[=M6?D)NG;andfernandez@mail.es;12/07/1974;45;0.0;SI;57;71;1;Disponible
20;Angel;Estrella;Bermejo;H;angelestrella55;uM$/]Wv8WPAGpCz;angelestrella55@email.net;11/09/1982;37;424.37;No Aplica;87;97;10;Disponible
70;Angel;Gaona;Zabala;H;angelgaona;u=)PPqwB].JY:e[;angelgaona@correo.com;29/11/1935;83;335.48;No Aplica;49;62;8;Disponible
84;Angel;Jimenez;Martin;H;angjimenez;A[GHx.xRUw/9Qrh;angjimenez@correo.com;7/07/1961;58;651.15;No Aplica;43;46;4;Inactivo
110;Angel;Rodriguez;Hernandez;H;angel.rodriguez;Nmwry:Zp-9zN}c;angel.rodriguez@email.es;6/12/1979;39;191.36;No Aplica;32;42;5;Inactivo
140;Angel;Alvarez;Heredia;H;aalvarez;%Tpc2p*vRN$qwP.;aalvarez@mail.com;26/04/1961;58;175.25;No Aplica;95;25;2;Inactivo
163;Angel;Merino;Mera;H;merino48;(KCRm_!qk&{r=F;merino48@mail.net;15/11/1978;40;67.67;No Aplica;68;76;2;Disponible
201;Angel;Gonzales;Conde;H;agonzalez;VqDh-quBt9ry]Ky;agonzalez@mail.es;27/11/1958;60;957.86;No Aplica;62;78;6;Disponible
248;Angel;Alonso;Muñoz;H;angel.alonso;y4j&ttu{[QZ7SY;angel.alonso@mail.net;6/11/1940;78;274.24;No Aplica;96;34;5;Inactivo
259;Angel;Garcia;Montero;H;garcia20;6VX3qg4u_hLTxJ;garcia20@email.es;20/03/1976;43;498.74;No Aplica;7;12;1;Inactivo
400;Angel;Arango;Alsina;H;angel.arango;.$y)bu(b!2Z2?T9;angel.arango@email.es;17/05/1951;68;543.47;No Aplica;3;93;0;Disponible
460;Angel;Santana;Pitarch;H;asantana;UXPC%fyF{$eL&Tj;asantana@correo.net;6/08/1993;26;720.12;No Aplica;53;93;5;Inactivo
385;Angela;Alvarez;Fernandez;M;angalvarez;&vpH..56J8}maM3;angalvarez@mail.net;6/02/1942;77;0.0;NO;8;73;1;Inactivo
213;Angeles;Casado;Lopez;M;a.casado;6g!*z{Sxd-Xmx}x;a.casado@email.net;30/10/1948;71;0.0;NO;94;54;8;Inactivo
337;Angeles;Gimeno;Lloret;M;angelesgimeno;Dz$qnaC!c{%:AB;angelesgimeno@email.com;23/09/2001;18;0.0;SI;100;98;5;Inactivo
160;Anna;Mera;Pizarro;M;anna.mera;PKYNy(+S?e*eSS$;anna.mera@mail.com;14/05/1983;36;0.0;NO;48;19;3;Disponible
69;Antonia;Espinosa;Rami­rez;M;ant.espinosa;&6:AAU?m6eyFJjk;ant.espinosa@email.es;25/03/1973;46;0.0;SI;92;63;8;Inactivo
90;Antonia;Fernandez;Sanchez;M;antfernandez;CK4/Bf)m3}RL!)3;antfernandez@mail.com;19/06/1968;51;0.0;SI;54;14;2;Inactivo
150;Antonia;Casal;Gomez;M;antoniacasal;udc_83G@PS54jYg;antoniacasal@correo.net;29/03/1936;83;0.0;SI;95;82;12;Inactivo
234;Antonia;Lopez;Roman;M;antonialopez40;Ye!_Tm4j[]R6#j-;antonialopez40@mail.es;18/08/1952;67;0.0;NO;35;83;1;Disponible
249;Antonia;Salazar;Pascual;M;antsalazar71;$3[HHF&zdz3F78@;antsalazar71@correo.net;28/09/1975;44;0.0;NO;37;21;3;Inactivo
446;Antonia;Blanco;Ayuso;M;antonia.blanco;ytUEY!e.XTC9N[4;antonia.blanco@mail.com;27/09/1968;51;0.0;NO;34;23;2;Inactivo
457;Antonia;Diez;Ruiz;M;antoniadiez;@QuCRA/:.umL9tZ;antoniadiez@correo.es;29/08/1957;62;0.0;NO;60;41;3;Disponible
4;Antonio;Barragan;Zarza;H;antbarragan51;barragan123;antbarragan51@correo.es;28/07/1940;79;707.02;No Aplica;23;32;2;Disponible
28;Antonio;Rodri­guez;Hernandez;H;antonio.rodriguez;Q&9uX=J)nM69PX;antonio.rodriguez@mail.es;14/07/1998;21;989.04;No Aplica;59;62;9;Inactivo
33;Antonio;Quintana;Gil;H;aquintana61;Tz$m&rTJg!+@_CM;aquintana61@email.net;25/09/1936;83;440.97;No Aplica;44;26;4;Disponible
68;Antonio;Alvarez;Marti­nez;H;alvarez24;BmJxZcxK4i}k2*};alvarez24@email.com;20/06/1955;64;515.83;No Aplica;84;3;0;Disponible
78;Antonio;Fernandez;Jimenez;H;antoniofernandez74;#pC}Vg/u.#gw4cG;antoniofernandez74@email.net;23/08/1976;43;87.16;No Aplica;29;64;0;Disponible
82;Antonio;Conde;Carpintero;H;conde96;d9/mxyD@vvc7qC?;conde96@correo.es;2/09/1957;62;609.65;No Aplica;96;29;4;Disponible
147;Antonio;Neira;Diaz;H;a.neira;naCZ#YFv4/(}.U;a.neira@mail.es;29/01/1972;47;407.85;No Aplica;90;60;3;Disponible
197;Antonio;Otero;Navas;H;ant.otero;4n{UXwpUzrV6y35;ant.otero@email.net;24/04/1957;62;908.69;No Aplica;14;65;0;Disponible
237;Antonio;Benavent;Perez;H;abenavent;t/K#vVKuAr2-.d6;abenavent@mail.es;16/05/1936;83;784.4;No Aplica;62;29;2;Inactivo
243;Antonio;Parra;Hinojosa;H;antonioparra1;9)Q#@WK*GEJjDEp;antonioparra1@correo.es;16/02/1998;21;878.38;No Aplica;95;100;13;Inactivo
250;Antonio;Cervera;Jimenez;H;acervera89;u--wVvR9$NViQ/$;acervera89@correo.es;25/08/1947;72;456.38;No Aplica;11;19;1;Inactivo
263;Antonio;Calvo;Ordoñez;H;acalvo;R{m9yV-@dwVwh;acalvo@email.es;10/05/1989;30;394.87;No Aplica;75;10;0;Inactivo
273;Antonio;Pinto;Herrera;H;pinto87;Zy!DjQTPCeG@VXp;pinto87@email.com;4/09/1964;55;53.74;No Aplica;49;45;4;Inactivo
275;Antonio;Ruiz;Vicente;H;antruiz;AXEt4/$7HQ:M&m;antruiz@email.es;3/07/2001;18;462.1;No Aplica;14;11;0;Disponible
407;Antonio;Barrios;Rodri­guez;H;antoniobarrios36;hCa&52?(t+Ei4T;antoniobarrios36@email.es;27/05/1995;24;793.66;No Aplica;24;51;4;Inactivo
440;Antonio;Salvador;Rodriguez;H;salvador97;e}p+3LThRiFMvT4;salvador97@correo.net;20/12/1992;26;79.16;No Aplica;81;37;5;Inactivo
452;Antonio;Arrebola;Bermejo;H;arrebola69;_)Saz$S$ZNvyuv6;arrebola69@email.net;31/10/1941;77;929.98;No Aplica;19;67;3;Disponible
203;Beatriz;Catalan;Gonzales;M;beacatalan;T_7T4cP5-HPPhT;beacatalan@email.com;23/05/1993;26;0.0;SI;45;80;3;Disponible
274;Beatriz;Perez;Hernandez;M;bperez87;ZM[iU&=Pc7EwGg;bperez87@mail.com;11/05/1986;33;0.0;NO;86;74;12;Disponible
72;Begoña;Herrera;Lopez;M;begherrera59;=E:#6H+JG:g:g]9;begherrera59@correo.es;28/08/1976;43;0.0;SI;71;38;2;Disponible
352;Begoña;Hernandez;Mendez;M;hernandez18;Cyw%7WZeSt$q}S;hernandez18@correo.net;21/11/1967;51;0.0;SI;54;82;9;Disponible
3;Carlos;Vega;Hernandez;H;vega57;MK}4gkYG@5Dc*d;vega57@email.com;26/05/1947;72;415.86;No Aplica;29;54;2;Inactivo
12;Carlos;Del Rio;Gonzalez;H;carlos.delrio;xxf7ZKN-WuTS$q;carlos.delrio@correo.es;7/04/1981;38;65.89;No Aplica;11;54;0;Disponible
29;Carlos;Rodriguez;Fernandez;H;crodriguez64;5%K@tG:{J_n+jJ;crodriguez64@email.net;27/12/1971;47;499.89;No Aplica;50;83;3;Inactivo
113;Carlos;Murillo;Carceles;H;cmurillo67;g&{g%j*7($56gR;cmurillo67@correo.com;30/08/1965;54;977.67;No Aplica;92;73;10;Inactivo
236;Carlos;Perez;Varela;H;perez71;rHB5LqJ/XL_cZk;perez71@mail.com;1/08/1954;65;875.73;No Aplica;95;96;14;Disponible
244;Carlos;De la Fuente;Lopez;H;d57;2vQ:th!W$_9k&9/;d57@mail.es;17/05/1997;22;946.24;No Aplica;26;73;4;Disponible
419;Carlos;Pinedo;Abella;H;cpinedo;i8z43Z)Be_aMTT;cpinedo@mail.net;25/01/1966;53;347.88;No Aplica;98;24;3;Inactivo
454;Carlos;Ariza;Martinez;H;carlos.ariza;Ci?}7A6Mukm4d2a;carlos.ariza@email.es;23/06/1997;22;782.64;No Aplica;49;69;2;Inactivo
465;Carlos;Carrasco;Da Silva;H;carloscarrasco;$ZAX/d&-=!9@?MQ;carloscarrasco@email.net;26/08/1980;39;874.98;No Aplica;53;92;1;Inactivo
469;Carlos;Arturo;Calle;H;car2121;123;carlos@gmail.com;1/01/1956;66;10.0;No Aplica;0;0;0;Disponible
15;Carmen;Polo;Herrera;M;carmenpolo;r{EHH!KV:V)Kg=;carmenpolo@correo.com;7/03/1942;77;0.0;NO;3;40;0;Disponible
67;Carmen;Fernandez;Romera;M;carfernandez12;Bnr#QTaTMtMXAU;carfernandez12@mail.es;10/08/1954;65;0.0;SI;82;18;0;Disponible
92;Carmen;Blanca;Gonzales;M;blanca30;@3dc=Jdyv6FJv#Z;blanca30@email.com;12/10/1975;44;0.0;SI;60;24;0;Disponible
119;Carmen;Carranza;Lopez;M;carmen.carranza;x@TAW8ExLy/X(mQ;carmen.carranza@email.net;1/10/1995;24;0.0;NO;3;62;0;Disponible
205;Carmen;Fernandez;Tejedor;M;carfernandez;9Qc_rEM-eR7*u+*;carfernandez@correo.es;8/01/1948;71;0.0;NO;9;90;0;Inactivo
219;Carmen;Martinez;Rodriguez;M;cmartinez;Pv_6fwnUERT%@B=;cmartinez@correo.net;5/06/1992;27;0.0;NO;83;26;0;Inactivo
262;Carmen;Martinez;Doval;M;car.martinez;%R_[EGPj9ZBPDA;car.martinez@email.es;24/02/1939;80;0.0;NO;36;14;0;Inactivo
47;Catalina;Arrizabalaga;Bosch;M;catalinaarrizabalaga54;ZMFauL7NR$cCG}i;catalinaarrizabalaga54@correo.net;3/12/1943;75;0.0;SI;77;30;1;Disponible
377;Concepcion;Garci­a;Matas;M;garcia11;k4hdK.9f@g7Pfp6;garcia11@correo.es;28/11/1958;60;0.0;NO;22;84;3;Inactivo
96;Cristina;Ilie;Sanchez;M;cristinailie;BEHa8+.}(StJzDF;cristinailie@mail.net;29/12/1998;20;0.0;NO;58;16;0;Inactivo
193;Cristina;Cabrera;Barranco;M;cabrera66;jSew)VPuxpxWu&(;cabrera66@email.com;13/12/1962;56;0.0;SI;76;100;10;Disponible
402;Cristina;Benavente;Montes;M;benavente39;N+_V?nZV69]pZtX;benavente39@correo.net;11/05/1955;64;0.0;SI;28;80;0;Inactivo
421;Cristina;Moreno;Santana;M;cmoreno36;yZMCh4*E_S)%hmR;cmoreno36@correo.es;30/10/1957;62;0.0;NO;92;78;1;Inactivo
428;Cristina;Prado;Catalina;M;prado15;C3(5(@U6t+Yfa@+;prado15@mail.es;22/04/1955;64;0.0;NO;25;58;2;Disponible
265;Daniel;Fernandez;Salazar;H;d.fernandez;_yVqe[bx[gN$A27;d.fernandez@email.es;25/10/1943;76;195.22;No Aplica;39;36;0;Inactivo
8;David;Manjon;Fernandez;H;david.manjon;xKCf}ZaJB}__N&;david.manjon@mail.net;2/04/1960;59;592.29;No Aplica;85;18;2;Disponible
116;David;Rodriguez;Duran;H;davrodriguez;Y=Mkdhwq8.*gxz;davrodriguez@correo.es;23/04/1948;71;508.01;No Aplica;8;44;0;Inactivo
294;David;Castellanos;Rubio;H;davidcastellanos;!yUNqD8Y)x3)u_};davidcastellanos@mail.com;6/02/1944;75;157.78;No Aplica;68;60;10;Inactivo
24;Diego;Julian;Flores;H;diegojulian37;2iVy!j#?*N&&:5];diegojulian37@mail.com;20/06/1974;45;68.85;No Aplica;59;29;4;Inactivo
227;Diego;Alfaro;Sanchez;H;alfaro21;inp+r4Zr[qa-$M7;alfaro21@email.net;8/04/1969;50;419.6;No Aplica;5;36;0;Inactivo
437;Diego;Rodri­guez;Sanz;H;drodriguez;#EM3xBt5R$vVT7Y;drodriguez@mail.com;18/12/1991;27;253.88;No Aplica;86;35;4;Inactivo
186;Dolores;Atienza;Ribeiro;M;dolatienza;2$)L+!&RDrUy-E;dolatienza@mail.es;24/05/1970;49;0.0;SI;39;28;4;Inactivo
313;Dolores;Arguello;Parejo;M;dol.arguello;/SG!R#fqad[K9;dol.arguello@mail.com;8/10/1950;69;0.0;SI;63;2;0;Inactivo
342;Dolores;Martinez;Arellano;M;d.martinez;uN&KEAHPf$GiwyC;d.martinez@mail.es;17/03/1978;41;0.0;SI;100;9;1;Inactivo
410;Dolores;Egea;Macho;M;dolegea22;c_N=]AbG#w3]W9v;dolegea22@correo.net;24/01/1950;69;0.0;SI;80;81;13;Disponible
364;Eduardo;Caballero;Lara;H;edu.caballero;H[#+Pt#nKrLn)H;edu.caballero@mail.net;26/10/1951;68;616.79;No Aplica;34;84;3;Disponible
445;Elena;Rodriguez;Fernandez;M;elerodriguez;&H_TAKq(SUDeQwG;elerodriguez@correo.es;18/01/1981;38;0.0;NO;20;32;1;Disponible
187;Enrique;Guerrero;Barragan;H;guerrero17;S!eHJ_i)8-zQ4k;guerrero17@mail.es;18/10/1937;82;658.96;No Aplica;54;72;6;Inactivo
206;Enrique;Rodriguez;Mena;H;enrrodriguez;b?}u7&KS{RKLN$j;enrrodriguez@mail.com;9/09/1953;66;443.1;No Aplica;36;23;1;Disponible
321;Enrique;Muñoz;Sanchez;H;enr.Muñoz;N4P)aq=Cj6Yq*.k;enr.Muñoz@email.net;20/06/1961;58;825.23;No Aplica;4;23;0;Inactivo
330;Enrique;Garcia;Dominguez;H;enrgarcia;u}-/:_@NgxzQuqY;enrgarcia@correo.net;11/07/1990;29;135.83;No Aplica;62;42;5;Disponible
392;Enrique;Merino;Hernandez;H;e.merino;J&**hT55jLmxEBe;e.merino@mail.com;14/01/1937;82;116.04;No Aplica;35;55;2;Disponible
319;Eva;Villa;Rodriguez;M;evavilla;[)Bvbeewg&z:}n;evavilla@email.net;19/07/1974;45;0.0;SI;61;83;7;Inactivo
329;Eva Maria;Serra;Mato;M;evaserra;cW=2RE}.TM9::k2;evaserra@correo.net;14/06/1949;70;0.0;SI;26;46;3;Inactivo
318;Fernando;Martinez;Perez;H;fermartinez;wnZcJ9]xck&*T5;fermartinez@mail.es;25/11/1952;66;794.14;No Aplica;35;25;2;Disponible
340;Fernando;Bilbao;Bas;H;bilbao58;g2Db$RH)&H_L*jZ;bilbao58@correo.net;9/08/1947;72;712.91;No Aplica;57;41;3;Inactivo
369;Fernando;Mateos;Quintero;H;f.mateos;]}H4U?n&!pHH5N7;f.mateos@email.es;3/01/1948;71;655.08;No Aplica;80;12;0;Inactivo
100;Francisca;Sola;Martin;M;frasola;(b#+8e8Rb[QUuX@;frasola@correo.com;6/03/1994;25;0.0;NO;81;88;8;Inactivo
341;Francisca;Ballesteros;Ruiz;M;fballesteros;e*z(JLA]]tvk.kh;fballesteros@email.net;11/03/1936;83;0.0;NO;4;87;0;Disponible
353;Francisca;Calvo;Fernandez;M;fracalvo;3CW$)SC$Z3Ez7G;fracalvo@correo.com;31/01/1945;74;0.0;NO;70;56;8;Inactivo
379;Francisca;Perez;Barrera;M;fraperez;k4hdKdas.9f@g7Pfp6;fraperez@mail.com;23/08/1981;38;0.0;SI;37;69;2;Disponible
401;Francisca;Conde;Gonzalez;M;fraconde;i25=]G5]TrXLFfi;fraconde@mail.net;9/12/1959;59;0.0;SI;16;8;0;Disponible
422;Francisca;Coll;Blanco;M;fra.coll;=.xK]jzYH&UGeA!;fra.coll@mail.es;10/10/1952;67;0.0;NO;13;23;1;Inactivo
71;Francisco;Cruz;Garcia;H;fra.cruz;NPd2n.Q*%[Xckjw;fra.cruz@mail.net;14/12/1943;75;384.69;No Aplica;37;66;5;Disponible
79;Francisco;Velazquez;Gimeno;H;f.velazquez;{g%e=G#AKc_&V}i;f.velazquez@mail.es;8/06/1960;59;775.61;No Aplica;84;10;0;Disponible
87;Francisco;Salinas;Pons;H;fra.salinas;6dN9br=7e%#vm=;fra.salinas@email.es;21/11/1949;69;563.31;No Aplica;92;64;9;Disponible
88;Francisco;Leiva;Cano;H;franciscoleiva;_=Bj@uG5HMUSmv;franciscoleiva@email.com;2/06/1964;55;410.83;No Aplica;69;47;6;Inactivo
115;Francisco;Frances;Pereira;H;ffrances;C6iA7U}$YbM)R$m;ffrances@email.com;5/03/1900;65;182.07;No Aplica;64;45;1;Disponible
184;Francisco;Carranza;Garces;H;franciscocarranza;f#hBE$@zG+P3EZ;franciscocarranza@correo.net;27/11/1996;22;371.32;No Aplica;23;98;3;Inactivo
196;Francisco;Santiago;Navarro;H;santiago26;TJT7!$Tm@:g{RD2;santiago26@correo.es;14/04/1942;77;947.54;No Aplica;90;85;0;Inactivo
258;Francisco;Roman;Gonzales;H;roman43;Qq:B$gY8Exy?/7B;roman43@email.com;23/12/1943;75;276.39;No Aplica;93;57;0;Inactivo
324;Francisco;Tamayo;Rodriguez;H;tamayo7;MA]%V(QzuZ]7;tamayo7@mail.com;1/07/1976;43;126.44;No Aplica;71;69;0;Inactivo
399;Francisco;Recuero;De las Heras;H;franciscorecuero;6J?hu?2tG=inLM;franciscorecuero@mail.net;14/09/1939;80;360.95;No Aplica;2;63;0;Disponible
106;Francisco Javier;Cuesta;Rivero;H;franciscojavier.cuesta;ENR4i6VPZ%}f/.S;franciscojavier.cuesta@email.com;6/02/1969;50;883.99;No Aplica;18;13;2;Inactivo
168;Francisco Javier;Sanchez;Castillo;H;sanchez55;Gb/ZiP8%tc@jE?:;sanchez55@email.com;22/09/1960;59;316.16;No Aplica;30;3;0;Inactivo
190;Francisco Javier;Piñero;Tovar;H;fraPiñero;TJ9-&dFtaNC.L&-;fraPiñero@email.es;18/08/1977;42;679.75;No Aplica;45;6;0;Disponible
241;Francisco Javier;Martin;Ros;H;franciscojaviermartin18;.xH&F}?#%NZ8Jc9;franciscojaviermartin18@mail.net;8/07/1979;40;776.17;No Aplica;2;77;0;Disponible
228;Ignacio;Hernandez;Aznar;H;hernandez7;Ti/=Ld?wC%VQ/;hernandez7@correo.net;16/07/1954;65;604.63;No Aplica;0;0;0;Inactivo
23;Inmaculada;Nieves;Suarez;M;inmnieves;:&=T-Tb:hHM*hjU;inmnieves@mail.com;23/10/1963;56;0.0;NO;81;92;7;Disponible
192;Inmaculada;Asensio;Moral;M;iasensio25;a2CrY)HN$7E&Zp];iasensio25@correo.net;4/03/1987;32;0.0;SI;72;19;1;Inactivo
372;Inmaculada;Gonzalez;Cano;M;inmaculadagonzalez;K*BmikHY+e_@}Mx;inmaculadagonzalez@mail.net;13/11/1976;42;0.0;NO;84;45;2;Disponible
240;Irene;Torres;Garcia;M;itorres;ALY}5]qKcCqE*/;itorres@correo.es;4/05/1961;58;0.0;NO;19;93;0;Inactivo
257;Irene;Alvarez;Santana;M;irene.alvarez;bc2]T[evwU&8KhC;irene.alvarez@email.es;20/11/1991;27;0.0;NO;24;3;0;Inactivo
32;Isabel;Di­az;Rusu;M;isabeldiaz;dE8gR]H6Q+Z#9mh;isabeldiaz@email.net;13/10/1985;34;0.0;SI;57;21;2;Disponible
57;Isabel;Perez;Salinas;M;isaperez;-=BUTJE)&[pnMg;isaperez@mail.es;3/03/1936;83;0.0;NO;66;28;2;Disponible
75;Isabel;Santiago;Navarro;M;isabelsantiago;}EAfprkxa7?c=G@;isabelsantiago@email.es;19/12/1990;28;0.0;NO;87;27;3;Disponible
112;Isabel;Garcia;Jordan;M;isabel.garcia;RwHjg+HzpG!G:Rp;isabel.garcia@correo.es;7/03/1961;58;0.0;SI;63;37;4;Disponible
211;Isabel;Morales;Salgado;M;isabel.morales;cF2/j2g.2GR:%%;isabel.morales@email.es;14/09/1994;25;0.0;NO;4;77;0;Inactivo
291;Isabel;Martinez;Vidal;M;isamartinez;fcZgY4E]nC]T=Q;isamartinez@email.com;21/06/1956;63;0.0;NO;38;9;1;Disponible
350;Isabel;Delgado;Carretero;M;isa.delgado;(&(vFW*=nMU!@qH;isa.delgado@correo.net;3/03/1940;79;0.0;SI;65;59;0;Disponible
357;Isabel;Moreno;Suarez;M;isabelmoreno;]#HP5qq7WMZ@CHt;isabelmoreno@email.es;17/11/1935;83;0.0;NO;33;90;5;Inactivo
367;Isabel;Valls;Corbacho;M;valls41;)AXkRK]tRuxA*rp;valls41@mail.net;17/12/1993;25;0.0;NO;90;90;8;Disponible
368;Isabel;Fernandez;Amador;M;isabelfernandez80;uhdYMnXHSH[jcTZ;isabelfernandez80@mail.com;29/10/1947;72;0.0;NO;41;76;4;Inactivo
408;Jaime;Jimenez;Martin;H;jimenez37;HCD_!Bq@%R[7]=P;jimenez37@correo.com;7/11/1997;21;312.22;No Aplica;18;16;0;Disponible
214;Jaume;Ferri;Moreno;H;jaumeferri;=U9N+i)u-twpdtA;jaumeferri@email.es;31/01/1947;72;616.92;No Aplica;17;49;0;Disponible
31;Javier;Gutierrez;Alvarado;H;javiergutierrez24;g}{rQeGv4tzM+[;javiergutierrez24@email.net;26/11/1988;30;679.81;No Aplica;66;20;0;Inactivo
172;Javier;Cano;Ruiz;H;cano13;}bUQgJA:g]rSZk!;cano13@correo.es;21/05/1998;21;787.99;No Aplica;43;9;1;Inactivo
225;Javier;Rico;Lopez;H;jrico;%gg?USP2442Qyh;jrico@email.es;8/12/1982;36;366.55;No Aplica;23;98;1;Disponible
284;Javier;Mesa;Exposito;H;mesa38;BzHp{qR5Cx@8Z:z;mesa38@mail.com;21/11/1994;24;713.48;No Aplica;24;9;1;Inactivo
298;Javier;Lopez;Lopez;H;javierlopez;c!kM$8Wg/i7iDf);javierlopez@correo.com;15/03/1981;38;443.07;No Aplica;68;48;2;Disponible
362;Javier;Ibarra;Rubio;H;javieribarra;+aMw2*dD5v/}8Q/;javieribarra@mail.es;27/03/1935;84;510.62;No Aplica;62;99;1;Disponible
390;Javier;Madrid;Arroyo;H;jav.madrid;2bWZR=xHf]*KnC;jav.madrid@correo.net;4/01/1966;53;607.96;No Aplica;37;85;1;Disponible
404;Javier;Cortes;Jimenez;H;cortes76;_EWCY+WWcTGeabY;cortes76@correo.com;4/04/1956;63;952.4;No Aplica;27;45;2;Disponible
416;Javier;Garci­a;Alcaraz;H;javgarcia92;Qi4WNVqA=Ta=86_;javgarcia92@email.com;13/04/1969;50;160.08;No Aplica;13;9;1;Disponible
66;Jesus;Herrera;Lopez;H;j.herrera;UeQCmE:TQ%4y*)a;j.herrera@email.net;1/02/1976;43;215.98;No Aplica;94;80;0;Disponible
102;Jesus;Llorens;Perez;H;llorens76;jCf?9)J+4e]CRBJ;llorens76@mail.net;6/04/1994;25;668.22;No Aplica;77;88;11;Disponible
136;Jesus;Garcia;Ballesteros;H;jgarcia;R?W-=R$_7yHn:2#;jgarcia@email.com;2/07/1969;50;245.05;No Aplica;29;38;2;Inactivo
229;Jesus;Gutierrez;Fernandez;H;gutierrez88;G!Xh2}Tax9G2589;gutierrez88@mail.es;19/02/1982;37;313.43;No Aplica;90;78;9;Disponible
246;Jesus;Mansilla;Garcia;H;j.mansilla;UVzWY#9Qimt.@6/;j.mansilla@mail.es;24/02/1944;75;158.26;No Aplica;4;31;0;Disponible
292;Jesus;Nieto;Sanchez;H;jesnieto89;Ee#DXx.!ZRt7jyL;jesnieto89@mail.com;8/10/1976;43;684.08;No Aplica;57;36;5;Inactivo
383;Jesus;Porras;Toscano;H;jesus.porras;A.=:*_&at??K/n#;jesus.porras@mail.es;19/11/1941;77;835.97;No Aplica;69;97;2;Disponible
384;Jesus;Cabello;Alfonso;H;j.cabello;ATS=J24.D{L]Ey;j.cabello@correo.es;19/07/1945;74;797.02;No Aplica;43;3;0;Inactivo
431;Jesus;Andres;Rodri­guez;H;jandres;-%9UM7rK%}!-Vpj;jandres@email.es;22/02/1935;84;580.28;No Aplica;58;93;9;Disponible
325;Joan;Sebastia;Martinez;H;jsebastia71;:N%{A+LFF8$Xn:[;jsebastia71@email.com;4/08/1961;58;799.92;No Aplica;9;85;1;Inactivo
178;Joaquin;Vidal;Alvarado;H;joaquin.vidal;t7u$AcBgqpDx8yQ;joaquin.vidal@mail.com;30/08/1975;44;898.2;No Aplica;21;40;0;Disponible
200;Jorge;Abad;Garcia;H;jorgeabad;V#$FUV2NV(jv%BF;jorgeabad@mail.net;30/01/1950;69;354.45;No Aplica;34;90;4;Disponible
285;Jorge;De la Calle;Fernandez;H;jordelacalle55;P#HLTY#-8=4DiE;jordelacalle55@email.net;26/11/1959;59;618.65;No Aplica;42;78;3;Inactivo
317;Jorge;Domingo;Arenas;H;jordomingo;(.(3DRc?KVYzCAy;jordomingo@mail.net;16/08/1968;51;219.57;No Aplica;80;5;0;Disponible
423;Jorge;Mi­guez;Bueno;H;jorge.miguez;p(ti*p9(:(?3Zr;jorge.miguez@email.es;16/09/1992;27;811.23;No Aplica;61;32;4;Disponible
157;Jose;Cortes;Fernandez;H;jcortes;F6Sie}L)6*G}i;jcortes@mail.net;27/07/1969;50;766.82;No Aplica;57;25;4;Inactivo
271;Jose;Cabeza;Fernandez;H;jos.cabeza;VRhwHzR4@v)m?w;jos.cabeza@email.com;10/04/1997;22;94.18;No Aplica;25;51;4;Disponible
278;Jose;Ortiz;Martinez;H;josortiz;M]Btn+(V4CPkZG;josortiz@email.net;2/09/1977;42;851.1;No Aplica;41;6;1;Inactivo
295;Jose;Bernabe;Del Hoyo;H;jose.bernabe;@8crU@VMMEj+k?t;jose.bernabe@correo.es;9/12/1939;79;169.19;No Aplica;52;11;1;Inactivo
359;Jose;Bautista;Doblas;H;josbautista76;8zYEi9kW/_rrvaM;josbautista76@email.com;13/04/1957;62;775.37;No Aplica;36;19;0;Disponible
386;Jose;Duran;Diaz;H;jose.duran;#Dj]xLD#Z()*quU;jose.duran@email.net;7/01/1973;46;288.18;No Aplica;26;62;2;Disponible
391;Jose;Marti­nez;Lorente;H;josemartinez100;?-:aRxSfUU8y:(*;josemartinez100@mail.es;9/02/1941;78;192.77;No Aplica;65;36;5;Inactivo
403;Jose;Lopez;Ventura;H;lopez26;qw%&[N4p(n#S.];lopez26@mail.es;3/01/1944;75;725.89;No Aplica;23;52;0;Inactivo
405;Jose;Mayo;Hernandez;H;27150;7e8v$JvSH67F45;mayo74@mail.com;22/08/1956;63;691.12;No Aplica;76;86;9;Disponible
451;Jose;Albaladejo;Ferrando;H;josalbaladejo;X)9/x3g/uk6G4m;josalbaladejo@mail.es;28/04/1959;60;384.05;No Aplica;84;23;2;Inactivo
455;Jose;Marti­nez;Torres;H;josemartinez35;Z8mV?96/q%bmX=P;josemartinez35@email.com;27/12/1970;48;395.32;No Aplica;10;61;0;Inactivo
101;Jose Antonio;Jimenez;Gonzales;H;joseantoniojimenez;-PZGgk?.nS]2vTy;joseantoniojimenez@correo.com;24/12/1946;72;390.52;No Aplica;99;95;12;Inactivo
161;Jose Antonio;Nuñez;Garcia;H;jnuñez;$(D[Wu3B6gjRkub;jnuñez@correo.net;16/08/1962;57;870.13;No Aplica;13;6;1;Disponible
235;Jose Antonio;Ruiz;Iglesias;H;josruiz29;VEc4X/p6weQUDxT;josruiz29@mail.es;24/03/1960;59;973.23;No Aplica;83;18;1;Disponible
21;Jose Luis;Muñoz;Carranza;H;muñoz84;jjZJ{SQDSQtMv={;muñoz84@correo.net;11/10/1960;59;442.75;No Aplica;53;83;2;Disponible
25;Jose Luis;Morales;Puertas;H;josmorales;!x-iDPkq6GXhA9;josmorales@mail.net;12/07/1998;21;490.26;No Aplica;84;10;1;Disponible
43;Jose Luis;Marti­nez;Cruces;H;martinez74;/CG+2G*H]2)JtU_;martinez74@mail.com;20/07/1974;45;931.84;No Aplica;71;63;1;Inactivo
86;Jose Luis;Guijarro;Robles;H;guijarro54;d}w%)BREvFpdjK;guijarro54@correo.es;18/04/1948;71;463.99;No Aplica;37;55;4;Inactivo
89;Jose Luis;Osorio;Suarez;H;jososorio;3pS#7*g&QuZEGgh;jososorio@email.net;21/02/1980;39;826.18;No Aplica;37;34;4;Disponible
127;Jose Luis;Amoros;Lopez;H;joseluisamoros;{7wHy@HxJ)Xbkv;joseluisamoros@mail.net;16/02/1975;44;797.11;No Aplica;53;72;3;Inactivo
195;Jose Luis;Garcia;Pereira;H;jos.garcia;f)}HjmvGK@jg;jos.garcia@correo.es;27/02/2001;18;477.86;No Aplica;10;11;0;Disponible
266;Jose Luis;Ortega;Herrera;H;jos.ortega;(FN*Y{f_c[9[HA;jos.ortega@email.net;27/03/1963;56;248.42;No Aplica;62;47;5;Inactivo
268;Jose Luis;Rosell;Gonzales;H;jrosell;.MYwdpB6nG&8acZ;jrosell@mail.com;28/02/1965;54;285.61;No Aplica;71;34;4;Disponible
343;Jose Luis;Novo;Cuervo;H;josnovo;_WMQ76Q72:Mf-fx;josnovo@correo.com;23/09/1986;33;886.52;No Aplica;65;16;0;Disponible
371;Jose Luis;Mariana;Hernandez;H;jos.mariana;r@.a.DEJw*p-G!J;jos.mariana@mail.com;6/10/1984;35;769.65;No Aplica;94;15;0;Disponible
375;Jose Luis;Saez;Soto;H;j.saez;[kPRQ-a=rm]ABPq;j.saez@correo.com;6/03/1974;45;649.02;No Aplica;55;74;4;Inactivo
14;Jose Manuel;Jaen;Cascales;H;josjaen;j[nVqVcYYgGE)7X;josjaen@mail.com;1/02/1936;83;271.64;No Aplica;41;42;6;Disponible
346;Jose Manuel;Mateos;Guillen;H;josmateos;7M/!aC8:M/T4bM};josmateos@correo.com;20/04/1972;47;786.67;No Aplica;60;66;10;Inactivo
104;Jose Maria;Garmendia;Lopez;H;garmendia19;!u%852N2MRpd:b#;garmendia19@mail.es;28/02/1965;54;867.36;No Aplica;26;52;3;Disponible
35;Josefa;Gomez;Garcia;M;gomez30;}pmYkf?uGv)?%YD;gomez30@mail.com;14/08/1982;37;0.0;SI;91;25;1;Disponible
59;Josefa;Juarez;Curiel;M;juarez71;)PE[J6xhyX::Dx;juarez71@mail.net;16/12/1981;37;0.0;NO;2;95;0;Inactivo
85;Josefa;Rico;Ripoll;M;josrico49;KxV:h!dz}D}6!_U;josrico49@correo.es;29/12/1989;29;0.0;SI;17;70;0;Inactivo
142;Josefa;Bernardez;Garcia;M;j.bernardez;@3+?y7c2D/iXCqx;j.bernardez@email.es;10/11/1993;25;0.0;SI;81;30;2;Inactivo
180;Josefa;Marques;Contreras;M;jmarques;ffJv7hVUgpKk[=%;jmarques@correo.com;1/08/1947;72;0.0;SI;97;66;3;Inactivo
185;Josefa;Garcia;Garcia;M;josgarcia;SpMzDuyf?.J.rC#;josgarcia@mail.com;1/04/1991;28;0.0;NO;13;28;1;Inactivo
230;Josefa;Garcia;Sanchez;M;josefagarcia;XdHD.=tPe@Zu6t=;josefagarcia@email.net;26/05/1963;56;0.0;SI;33;74;5;Inactivo
388;Josefa;Vidal;Portillo;M;josefa.vidal;ccHZ2%L*SGwzw];josefa.vidal@mail.net;20/07/1956;63;0.0;SI;60;50;8;Disponible
406;Josefa;Parada;Nieves;M;jparada26;:$8i-HD$tCe[S[(;jparada26@correo.net;26/01/1976;43;0.0;SI;41;60;3;Disponible
444;Josefa;Rodriguez;Fernandez;M;josefa.rodriguez;e-$jd@[t]:h[$/g;josefa.rodriguez@mail.com;6/04/1971;48;0.0;NO;12;18;0;Inactivo
320;Josep;Sanchez;Garcia;H;jossanchez;#qr=P]J]L[L$%5K;jossanchez@email.es;8/11/1974;44;560.47;No Aplica;25;91;1;Inactivo
310;Josep Maria;Pico;Fernandez;H;josepmariapico;2_}x.XeF4Dem6di;josepmariapico@correo.es;14/12/1984;34;826.28;No Aplica;78;25;4;Inactivo
83;Juan;Tejeda;Ferrero;H;tejeda93;LZiNXjj4?5(+TM_;tejeda93@correo.com;24/02/1991;28;895.24;No Aplica;78;80;10;Inactivo
99;Juan;Santos;Sanchez;H;jua.santos;-$CguNg%2yQP9E;jua.santos@correo.net;12/11/1958;60;854.3;No Aplica;3;61;0;Disponible
347;Juan;Rodriguez;Dominguez;H;juarodriguez;g[PA+)iKFe+kHr;juarodriguez@mail.net;9/02/1966;53;388.48;No Aplica;55;65;6;Inactivo
349;Juan;Duran;Pulido;H;jduran;y$Bhyr-aa)}CG$;jduran@correo.net;10/01/1962;57;691.97;No Aplica;100;34;0;Inactivo
111;Juan Antonio;Exposito;Leon;H;jua.exposito;ZBdZ:HkL(Ye+:x8;jua.exposito@email.com;13/07/1967;52;350.16;No Aplica;21;56;0;Inactivo
199;Juan Antonio;Garcia;Merino;H;garcia32;ZP{!k8zZx=yaZQ;garcia32@mail.es;9/02/1989;30;235.93;No Aplica;15;46;2;Inactivo
276;Juan Antonio;Lopez;Garcia;H;lopez67;RKk%7xD6vbwWr!;lopez67@mail.net;15/04/1994;25;481.66;No Aplica;71;96;5;Disponible
97;Juan Carlos;Sanmartin;Valdivia;H;jsanmartin;JxmE3ceP:tVwT3i;jsanmartin@mail.es;5/10/1944;75;933.21;No Aplica;66;3;0;Inactivo
114;Juan Carlos;Barranco;Gomez;H;jua.barranco;%+C7@}XyTRi-!g);jua.barranco@mail.com;5/03/1944;75;751.34;No Aplica;73;34;0;Disponible
466;Juan Carlos;Galindo;Santana;H;juagalindo;Pu[2PyrjNM_:_9;juagalindo@correo.net;13/12/2001;17;717.09;No Aplica;35;59;3;Disponible
6;Juan Jose;Estebanez;Camargo;H;juanjoseestebanez40;rGy.R#+xGj}ecWe;juanjoseestebanez40@email.es;4/08/1943;76;192.7;No Aplica;72;79;7;Inactivo
151;Juan Jose;Godoy;Roca;H;jgodoy;HdWkE8?(H?zZCub;jgodoy@correo.net;20/07/1936;83;772.62;No Aplica;85;87;13;Disponible
189;Juan Jose;Campos;Garcia;H;j.campos;MJ&TiF[bLg@Pd;j.campos@email.net;30/11/1959;59;643.03;No Aplica;77;42;2;Disponible
450;Juan Jose;Martin;Fernandez;H;juamartin;]9t[k?Qnptyy$=6;juamartin@correo.net;13/01/1982;37;260.89;No Aplica;22;23;1;Inactivo
37;Juana;Pelaez;Zorrilla;M;juanapelaez;+R!9pVMAw8MN4jU;juanapelaez@mail.com;5/05/1994;25;0.0;SI;38;18;2;Disponible
73;Juana;Nieto;Prieto;M;juanieto;rf6q_qmVE[6Ccu=;juanieto@email.es;15/08/1992;27;0.0;SI;89;48;4;Inactivo
207;Juana;Cabrera;Sanchez;M;jua.cabrera;[$KL[t-6@r.55EX;jua.cabrera@mail.net;5/04/1971;48;0.0;SI;79;15;2;Disponible
306;Juana;Tomas;Muñoz;M;juana.tomas;*/iUWj../v_HGT;juana.tomas@correo.es;14/01/1981;38;0.0;NO;64;69;5;Inactivo
415;Juana;Fernandez;Lozano;M;juafernandez52;S$3eyH@{rc57M{S;juafernandez52@mail.com;4/12/1977;41;0.0;NO;46;85;6;Inactivo
443;Juana;Navarro;Gutierrez;M;juanavarro;kzECe2V}g_2PJL(;juanavarro@mail.net;27/04/1986;33;0.0;NO;80;41;1;Disponible
76;Julia;Lopez;Hernandez;M;jlopez;HVQFCuxk!R29}aJ;jlopez@email.es;17/07/1942;77;0.0;NO;82;23;1;Disponible
331;Julia;SantaMaria;Perez;M;jsantamaria;%!VFju4/@]9f)9;jsantamaria@correo.es;29/10/1982;37;0.0;SI;56;31;5;Disponible
11;Laura;Navarro;Valle;M;l.navarro;9S.kePBB?)d8r#;l.navarro@mail.es;16/10/1941;78;0.0;NO;33;18;2;Inactivo
109;Laura;Castillo;Saavedra;M;lcastillo;brnUe5C&R}}q{B*;lcastillo@email.com;17/09/1950;69;0.0;SI;52;90;2;Disponible
282;Laura;Sanchez;De la Torre;M;lau.sanchez;T+-bQXQ($v:V.++;lau.sanchez@correo.net;19/04/1949;70;0.0;SI;100;18;3;Inactivo
314;Laura;Prieto;Clemente;M;lauraprieto;+yC6g]x5G2Y4g&4;lauraprieto@mail.net;2/09/1969;50;0.0;SI;31;31;0;Inactivo
335;Laura;Frutos;Alonso;M;frutos59;{Wqi%B&k-4Jb$E;frutos59@email.com;6/12/1993;25;0.0;NO;12;89;2;Inactivo
394;Laura;Pereira;Pascual;M;pereira33;)AT8?pDi5:F?abb;pereira33@email.com;19/02/1965;54;0.0;NO;92;52;1;Inactivo
433;Laura;Lopez;Marti­nez;M;lauralopez;fkS@_.Ur4/w]{[m;lauralopez@email.com;23/09/1945;74;0.0;SI;96;34;3;Inactivo
439;Laura;Pereira;Gomez;M;pereira53;:E+:$5Bkrh68JSu;pereira53@correo.es;25/11/1980;38;0.0;NO;40;60;3;Disponible
38;Lucia;Carretero;Domi­nguez;M;luciacarretero;Tn{x=z$x5mthqyk;luciacarretero@mail.es;1/09/1995;24;0.0;SI;81;20;1;Inactivo
61;Lucia;Moyano;Mercado;M;luciamoyano;[3znWc(L2)nZ%q;luciamoyano@email.es;10/03/1973;46;0.0;SI;92;79;2;Inactivo
373;Lucia;Aguilar;Gutierrez;M;laguilar;ecCkEvdWr-2@Pp[;laguilar@mail.com;6/06/1947;72;0.0;NO;31;25;3;Inactivo
425;Lucia;Gracia;Caballero;M;gracia70;aQfi6h-B[?FT/JJ;gracia70@email.com;2/07/1980;39;0.0;NO;60;23;3;Disponible
13;Luis;Muñoz;Molina;H;luimuñoz;S_:vAF!Hz.*&MM;luimuñoz@mail.net;1/10/1943;76;748.87;No Aplica;45;7;1;Disponible
303;Luis;Moreno;Martinez;H;luismoreno17;9!gm/b?B]/iV#t;luismoreno17@mail.es;17/08/1991;28;668.37;No Aplica;11;20;0;Disponible
355;Luis;Jordan;Moreno;H;luisjordan;w*%v3!X!bE+Hmk;luisjordan@correo.com;7/09/1958;61;606.33;No Aplica;54;20;0;Inactivo
449;Luis;Roldan;Martin;H;lroldan95;vWqcQCV9P!+rHp;lroldan95@email.com;1/06/1988;31;363.36;No Aplica;71;96;10;Disponible
18;Manuel;Diaz;Iglesias;H;manueldiaz12;AgQkPS3wg$GYTX;manueldiaz12@mail.es;22/10/1942;77;440.68;No Aplica;93;22;2;Inactivo
42;Manuel;Arellano;Soli­s;H;manuelarellano;&zHgVj}P.AJ7XRW;manuelarellano@mail.es;27/10/1964;55;655.64;No Aplica;33;65;5;Disponible
62;Manuel;Jover;Juarez;H;jover94;=z/&$n}vSB%b[3V;jover94@correo.net;22/11/1949;69;846.72;No Aplica;86;1;0;Inactivo
175;Manuel;Ortiz;Sanchez;H;ortiz23;z%3i$D{XZU!nar};ortiz23@mail.com;4/02/1971;48;134.34;No Aplica;39;4;0;Inactivo
209;Manuel;Carrion;Fernandez;H;manuelcarrion;PHM3aG5m5Wqr7?;manuelcarrion@email.com;17/08/1962;57;297.56;No Aplica;80;51;5;Disponible
222;Manuel;Castaño;Diez;H;Castaño2;2Qi86QpB})Mexr.;Castaño2@correo.com;24/07/1979;40;943.71;No Aplica;47;7;0;Inactivo
270;Manuel;Fernandez;Dueñas;H;manuelfernandez5;fnqW*=97MPA&#qR;manuelfernandez5@mail.net;24/12/1992;26;267.8;No Aplica;88;89;14;Disponible
302;Manuel;Torres;Hernandez;H;mantorres16;kH$M-3!(N?8VGbU;mantorres16@correo.es;13/06/1935;84;506.12;No Aplica;66;3;0;Disponible
308;Manuel;Colomer;Castro;H;manuelcolomer74;$BWtY!]=rLZ--R;manuelcolomer74@email.com;27/07/1984;35;728.51;No Aplica;54;42;1;Disponible
312;Manuel;Marquez;Garcia;H;manmarquez;PB{g@%AU$iPZY9?;manmarquez@email.es;6/10/1947;72;903.39;No Aplica;52;5;0;Inactivo
348;Manuel;Canal;Leon;H;mancanal;!S+@r4x)G%wLu;mancanal@email.com;27/02/1992;27;107.1;No Aplica;92;72;2;Disponible
381;Manuel;Pastor;Delgado;H;manuelpastor;HaYw_#6!X+V#8J;manuelpastor@correo.net;22/12/1993;25;792.2;No Aplica;7;3;0;Disponible
459;Manuel;Olivera;Catalan;H;molivera;NF-V_BQK52hL7z:;molivera@mail.com;15/10/1945;74;828.71;No Aplica;43;79;2;Inactivo
461;Manuel;Saavedra;Ortega;H;manuelsaavedra61;?a_cxe)XUPq8gzR;manuelsaavedra61@mail.net;17/07/1979;40;289.95;No Aplica;16;27;0;Inactivo
182;Manuela;Mengual;Bueno;M;manuelamengual82;%ytk5-6uvm{C=G;manuelamengual82@correo.es;11/11/1987;31;0.0;SI;82;26;2;Disponible
389;Manuela;Di­az;Lopez;M;mandiaz;[mn._5wu]6[uNRB;mandiaz@email.es;4/02/1971;48;0.0;NO;35;20;1;Disponible
397;Manuela;Rojo;Guillen;M;manuelarojo64;LMa#q4ed?YBH+-;manuelarojo64@mail.com;5/01/1982;37;0.0;SI;23;100;1;Inactivo
19;Maria;Rama;Gil;M;mrama;L=y&+HbiFMPpha%;mrama@mail.com;12/08/1955;64;0.0;SI;63;6;1;Disponible
45;Maria;Barroso;Perez;M;mar.barroso;H4/:NcF@6#+5kR8;mar.barroso@correo.es;17/02/1964;55;0.0;SI;69;66;1;Disponible
118;Maria;Alonso;Lopez;M;maralonso44;wT9#Tav!XHd+*H;maralonso44@email.es;28/07/1974;45;0.0;SI;22;87;0;Disponible
165;Maria;Georgiev;Tejada;M;georgiev89;w]MMuM2DR-Gfq{;georgiev89@mail.com;19/02/1964;55;0.0;NO;89;96;2;Disponible
198;Maria;Gonzales;Ferreras;M;mgonzalez45;..m-=X(7CW#%.Q;mgonzalez45@correo.com;10/09/1943;76;0.0;NO;3;93;0;Disponible
221;Maria;Cid;Gomez;M;marcid;%8%tqD8@cQnHTVK;marcid@mail.es;27/02/1985;34;0.0;SI;31;31;1;Inactivo
238;Maria;Toledo;Gonzales;M;mariatoledo;8cNiT*nvqk+Lat%;mariatoledo@mail.net;29/07/1964;55;0.0;SI;44;34;3;Inactivo
255;Maria;Mateos;Merino;M;mmateos;*3=E!qL(WhS6N!:;mmateos@mail.net;14/09/1941;78;0.0;SI;55;8;0;Disponible
269;Maria;Alvarez;Ramon;M;malvarez;Kjnk7y2:.pT/ekY;malvarez@email.es;5/10/1954;65;0.0;NO;40;68;3;Disponible
277;Maria;Martin;Garcia;M;martin99;Y$9jY.{7:@#:Zpi;martin99@mail.com;23/04/1959;60;0.0;NO;32;37;0;Disponible
288;Maria;Manzano;Martin;M;manzano55;*_99e{3.xvr2Edk;manzano55@correo.es;2/06/1969;50;0.0;SI;24;28;2;Inactivo
299;Maria;Lazaro;Marin;M;mar.lazaro;qgcG478dBV/+NJm;mar.lazaro@correo.com;13/08/1948;71;0.0;SI;62;69;8;Disponible
300;Maria;Gallardo;Sanchez;M;mariagallardo24;$RRtd+x!=E&L;mariagallardo24@email.net;16/06/1958;61;0.0;NO;11;6;1;Inactivo
326;Maria;Lara;Mellado;M;marialara;tcjB+fBXX7zKV{n;marialara@email.es;21/06/1946;73;0.0;SI;83;11;1;Inactivo
436;Maria;Calero;Bernal;M;marcalero;NBrDbPG6[3gq$hW;marcalero@mail.es;23/03/1971;48;0.0;NO;100;32;5;Inactivo
456;Maria;Sanz;Ortega;M;mariasanz23;}g/uJH7)C!c{L{;mariasanz23@mail.com;22/06/1968;51;0.0;SI;84;30;1;Disponible
108;Maria Antonia;Martinez;Reverte;M;marmartinez;PJrVnSbT-x-N46;marmartinez@email.com;5/11/1951;67;0.0;SI;26;90;1;Inactivo
34;Maria Carmen;Puebla;Sanchez;M;mpuebla;6F@K3S[b.pw!!;mpuebla@email.com;8/04/1983;36;0.0;NO;69;62;4;Disponible
50;Maria Carmen;Gonzalez;Gomez;M;gonzalez77;fb?*mV32XNt=Pvb;gonzalez77@correo.net;11/12/1969;49;0.0;SI;96;67;8;Inactivo
117;Maria Carmen;Millan;Angulo;M;marmillan;{@zvj/5TD!jmwk;marmillan@email.com;31/08/1954;65;0.0;NO;87;38;4;Inactivo
121;Maria Carmen;Garcia;Prieto;M;mgarcia;.?{K4Q3uv[uT@Dq;mgarcia@mail.es;9/06/1969;50;0.0;NO;4;10;0;Inactivo
162;Maria Carmen;Marin;Marrero;M;marmarin;gjmyJ8rP#{W.{G2;marmarin@mail.net;23/07/1961;58;0.0;NO;56;70;2;Inactivo
174;Maria Carmen;Gomez;Herrero;M;mar.gomez;}u2Wue5uTLT%v:X;mar.gomez@email.com;9/05/1945;74;0.0;SI;51;18;3;Inactivo
260;Maria Carmen;Garcia;Serrano;M;mariacarmengarcia43;2%f]a&txw]pfY&.;mariacarmengarcia43@email.net;19/07/1985;34;0.0;SI;80;33;3;Inactivo
333;Maria Carmen;Marin;Gonzales;M;marin17;&7%RHggKF.N5@?;marin17@correo.net;20/11/1961;57;0.0;SI;82;23;0;Inactivo
338;Maria Carmen;Sanchez;Molina;M;marsanchez67;UVaEaJZRq7[U#rB;marsanchez67@mail.com;20/08/1960;59;0.0;NO;15;56;2;Disponible
380;Maria Carmen;Ros;Vicens;M;mariros;bu5}d=Kt:GA:yH4;mariros@mail.es;8/01/1967;52;0.0;NO;94;74;8;Disponible
413;Maria Carmen;Lopez;Jurado;M;mlopez32;X_%aiZeYiD!P]jB;mlopez32@email.com;17/11/1996;22;0.0;SI;13;3;0;Disponible
105;Maria Dolores;Valle;Lopez;M;mariadolores.valle;4vR%uSeEXBrxdT;mariadolores.valle@email.com;20/05/2001;18;0.0;NO;13;16;2;Disponible
128;Maria Dolores;Hernando;Castañeda;M;marhernando;bpfanTdQZaJPRa@;marhernando@email.es;5/04/1992;27;0.0;SI;58;63;8;Disponible
153;Maria Dolores;Ureña;Pena;M;mariadolores.Ureña;8q%/+2*VKjK(kbx;mariadolores.Ureña@email.com;30/07/1992;27;0.0;SI;90;60;5;Inactivo
223;Maria Dolores;Rosa;Garcia;M;m.rosa;a8AScMD7#a@dqBj;m.rosa@email.com;30/07/1943;76;0.0;NO;5;59;0;Inactivo
296;Maria Dolores;Peiro;Perez;M;marpeiro;jc&n:(8EgQ]=MY5;marpeiro@correo.es;1/09/1945;74;0.0;NO;86;76;0;Inactivo
316;Maria Dolores;Castejon;Bas;M;marcastejon;huMb5R*YEWidj7%;marcastejon@mail.net;27/01/1944;75;0.0;SI;8;17;0;Inactivo
463;Maria Dolores;Gonzalez;Verde;M;gonzalez11;GmU@kk:-GUD}Z_;gonzalez11@mail.es;28/02/1944;75;0.0;NO;47;89;3;Disponible
145;Maria Isabel;Elena;Ocaña;M;m.elena;mA+jTD3*WFbm*M];m.elena@email.com;8/07/1996;23;0.0;NO;1;10;0;Disponible
232;Maria Isabel;Reyes;Garcia;M;marireyes;Dz%NHnFtM!9@*-/;marireyes@email.es;9/11/1961;57;0.0;SI;45;84;7;Disponible
124;Maria Jesus;Gonzales;Osorio;M;margonzalez;3959/-zUikUWi6i;margonzalez@email.com;1/04/1975;44;0.0;SI;97;28;4;Inactivo
176;Maria Jesus;Camacho;Ospina;M;maricamacho;Vp2%t6FZH:}n=JZ;maricamacho@mail.com;3/08/1937;82;0.0;SI;58;11;0;Inactivo
231;Maria Jesus;Escalera;Fernandez;M;mariajesusescalera54;Q.ik4SZmb%:..Wt;mariajesusescalera54@email.com;26/11/1940;78;0.0;NO;30;51;5;Inactivo
233;Maria Jesus;Marin;Poza;M;m.marin;QbJf:K72JK]+Fp;m.marin@correo.net;30/11/1964;54;0.0;NO;76;61;0;Inactivo
293;Maria Jesus;Marti;Gonzales;M;marmarti;Y*?_X}U7]e9(wTW;marmarti@email.com;12/09/1962;57;0.0;NO;34;98;5;Disponible
65;Maria Jose;Zapata;Gomez;M;mzapata1;hNtka6BEb}*i..U;mzapata1@email.es;27/10/2000;19;0.0;NO;66;86;2;Disponible
122;Maria Jose;Bello;Barquero;M;mbello;bnmYB58$d6WVJB&;mbello@email.net;30/06/1988;31;0.0;SI;66;97;10;Inactivo
286;Maria Jose;Fernandez;Cruz;M;mari.fernandez;._@kN9hFmA[%MpE;mari.fernandez@email.com;18/09/1968;51;0.0;SI;89;63;3;Disponible
336;Maria Jose;Romero;Sanchez;M;mariromero;5VJM)k%=-uiwDP;mariromero@correo.es;14/02/1954;65;0.0;SI;49;98;0;Disponible
5;Maria Josefa;Ramos;Gargallo;M;marramos;2{p[XBkr[WqNZRX;marramos@email.es;12/09/1947;72;0.0;NO;1;11;0;Inactivo
120;Maria Josefa;Ruiz;Hernandez;M;m.ruiz;iue#YqaR@4mKf6b;m.ruiz@correo.es;16/12/1963;55;0.0;SI;31;34;3;Disponible
156;Maria Luisa;Del Rio;Gomez;M;marialuisade;Ag{hZ84*SyqG$;marialuisade@mail.com;27/04/1961;58;0.0;SI;52;88;7;Inactivo
322;Maria Luisa;Camacho;Mena;M;marialuisacamacho;gwkY=QQ8zd$nWf3;marialuisacamacho@mail.es;10/07/1953;66;0.0;NO;48;13;0;Inactivo
279;Maria Magdalena;Llopis;Alba;M;mariamagdalena.llopis;+dx]qNR(ftidnpJ;mariamagdalena.llopis@email.com;15/04/1937;82;0.0;NO;87;1;0;Disponible
52;Maria Mar;Ribas;Gomez;M;marribas;]v6(DrV.{3-#UYY;marribas@correo.net;24/03/1942;77;0.0;NO;91;12;2;Inactivo
283;Maria Mar;Espinosa;Blanco;M;m.espinosa;CC+EJ4G)jGKB5fc;m.espinosa@correo.net;27/12/1980;38;0.0;NO;58;28;0;Inactivo
74;Maria Pilar;Castaño;Palomino;M;mariapilarcastaño;5tnAL2M)T{N(Qc;mariapilarcastaño@email.net;9/02/1986;33;0.0;SI;45;3;0;Inactivo
91;Maria Pilar;Bejarano;Requena;M;mbejarano34;]BdU7h@)H9mw64W;mbejarano34@mail.net;21/04/1997;22;0.0;SI;26;3;0;Inactivo
132;Maria Pilar;Gomez;Alonso;M;gomez13;Lih&cSE+6Dx}=X+;gomez13@mail.com;4/07/1975;44;0.0;NO;56;24;1;Inactivo
152;Maria Pilar;Navarro;Almendros;M;marinavarro;n&#C/mw.&tgPGGQ;marinavarro@email.com;18/12/1963;55;0.0;SI;62;17;2;Inactivo
171;Maria Pilar;Talavera;Escobar;M;maritalavera;D_?Len/qcpN9]6;maritalavera@mail.com;13/01/1954;65;0.0;SI;33;6;0;Inactivo
307;Maria Pilar;Toledo;Ortega;M;mariapilartoledo;(K%?5FRAV9?k;mariapilartoledo@email.com;7/03/1995;24;0.0;SI;4;26;0;Disponible
458;Maria Pilar;Perez;Alvarez;M;mperez;F{[%wR%#!k/t3*[;mperez@email.com;2/10/1950;69;0.0;SI;84;92;0;Disponible
305;Maria Rosa;Acosta;Muñoz;M;macosta;Cjdf4]:*Pj?)h6;macosta@email.es;13/06/1983;36;0.0;NO;23;97;2;Inactivo
154;Maria Rosario;Peralta;Hernandez;M;mperalta;-4?Z-Sr%yRt6r2#;mperalta@email.com;5/04/1949;70;0.0;NO;98;38;3;Inactivo
164;Maria Teresa;Huang;Pino;M;huang31;6TuS=wC&wn!K3q;huang31@email.net;2/08/1984;35;0.0;NO;38;96;2;Disponible
173;Maria Teresa;Barbero;Malo;M;barbero96;[:WRLi-&#&KE8?9;barbero96@email.com;23/06/1943;76;0.0;NO;66;37;1;Disponible
251;Maria Teresa;Stoica;Lopez;M;mar.stoica;uZ)(S3c:?6wk3Ya;mar.stoica@email.com;12/10/1945;74;0.0;NO;46;39;5;Inactivo
315;Maria Teresa;Lopez;Redondo;M;marilopez47;7$ie.HV@$:k2wH_;marilopez47@email.com;20/11/1936;82;0.0;NO;22;41;2;Inactivo
412;Maria Teresa;Garci­a;Martin;M;margarcia;%V=(}K]k]DZXJp;margarcia@correo.com;8/07/1962;57;0.0;NO;58;10;1;Inactivo
202;Marina;Casas;Amores;M;marcasas;mr@YCZ[KHwD4Q==;marcasas@correo.com;23/11/1971;47;0.0;SI;75;98;9;Inactivo
311;Marina;Redondo;Macias;M;redondo45;2.&mvEQ8JD5xj;redondo45@mail.com;5/07/1994;25;0.0;SI;63;64;5;Inactivo
356;Mari­a;Gonzalez;Carmona;M;mgonzalez83;-QB7=6%A+kjj{GT;mgonzalez83@mail.net;13/10/1977;42;0.0;NO;64;61;9;Disponible
26;Mari­a Angeles;Miras;Castellanos;M;mmiras;X$3umv=rk*[rA(k;mmiras@email.com;7/08/1965;54;0.0;NO;54;50;8;Disponible
30;Mari­a Angeles;Fernandez;Hernandez;M;mariaangelesfernandez;(-AjK/vh#SkrQg];mariaangelesfernandez@email.com;5/01/1987;32;0.0;NO;55;39;3;Disponible
434;Mari­a Angeles;Guerrero;Fernandez;M;mariaangelesguerrero8;/fCM/)*?S4tA/9D;mariaangelesguerrero8@correo.net;29/11/2001;17;0.0;NO;39;94;5;Inactivo
63;Mari­a Carmen;Alvarez;Rodri­guez;M;alvarez15;.gaCthb+_te:_u};alvarez15@mail.es;25/11/1969;49;0.0;SI;22;63;3;Disponible
80;Mari­a Carmen;Perez;Segarra;M;marperez81;+W}SS@iU(c=wX2h;marperez81@email.net;26/08/1945;74;0.0;SI;56;86;1;Disponible
81;Mari­a Carmen;Pintos;Egea;M;pintos5;6zbEubLYa&iX4m!;pintos5@email.net;1/03/1986;33;0.0;NO;56;98;8;Inactivo
360;Mari­a Carmen;Gregorio;Carbonell;M;gregorio5;yV!V:r:Jc2*afb?;gregorio5@correo.es;24/03/1958;61;0.0;SI;41;13;0;Inactivo
40;Mari­a Dolores;Sanchez;Sanchez;M;mariadoloressanchez;Ez/My]nqwVJJZe&;mariadoloressanchez@correo.net;20/11/1957;61;0.0;NO;38;6;1;Inactivo
429;Mari­a Dolores;Marti­nez;Rodri­guez;M;mariadolores.martinez;uFG+5m#!.rVHY$!;mariadolores.martinez@email.net;5/10/1961;58;0.0;SI;20;83;0;Inactivo
39;Mari­a Isabel;Saiz;Martin;M;saiz25;t#r:nbweR%jT;saiz25@correo.com;10/09/1995;24;0.0;NO;71;71;11;Inactivo
378;Mari­a Luisa;Montes;Rojas;M;mmontes72;5_Xq(Eang[:XBA;mmontes72@email.net;31/10/1939;79;0.0;NO;3;81;0;Inactivo
7;Mari­a Teresa;Perea;Pulido;M;mar.perea;#@n3Qb?yGn*S5hi;mar.perea@email.com;12/09/1936;83;0.0;SI;4;50;0;Inactivo
22;Mari­a Teresa;Garci­a;Noguera;M;mar.garcia;%iitRf3LQVZrCG;mar.garcia@correo.com;26/11/1965;53;0.0;SI;97;45;1;Inactivo
60;Mari­a Teresa;Elizalde;Perez;M;marelizalde;Mg7Bj_!rch3)Nn8;marelizalde@email.es;9/07/1999;20;0.0;NO;6;42;0;Inactivo
363;Mari­a Teresa;Baez;Higuera;M;mbaez;P*9jJFz&v@-WBN[;mbaez@email.es;3/10/1947;72;0.0;SI;56;47;6;Disponible
382;Mari­a Teresa;Luque;Enriquez;M;marluque;4/##-N./2W7ny?T;marluque@mail.es;7/03/1946;73;0.0;NO;46;39;5;Inactivo
146;Marta;Lopez;Mendoza;M;mlopez12;{#D}jc]Q6&+zZ=;mlopez12@mail.es;30/07/1937;82;0.0;NO;54;34;1;Disponible
158;Marta;Marcos;Viejo;M;marcos88;r+]u)e*+g[YZe=;marcos88@correo.com;12/06/1956;63;0.0;SI;8;43;0;Inactivo
169;Marta;Del Castillo;Saavedra;M;de79;5(NxJqq?3K--v{;de79@email.com;22/08/1986;33;0.0;SI;35;27;4;Inactivo
224;Marta;Garcia;Gonzales;M;margarcia96;SeA)dvrgc4d@7ex;margarcia96@mail.net;6/07/1962;57;0.0;SI;50;84;7;Inactivo
254;Marta;Yañez;Moya;M;martayaÃ±ez;$fmW2N_aYnUQ}*F;martayañez@email.es;2/05/1980;39;0.0;NO;78;78;4;Disponible
323;Marta;Baz;Gomez;M;mbaz22;awM86V-rtpw)DY;mbaz22@correo.net;22/06/2001;18;0.0;SI;5;70;0;Inactivo
354;Marta;Marcos;Hernandez;M;martamarcos94;N4baUV8!#KRVcm{;martamarcos94@correo.com;10/07/1964;55;0.0;SI;87;89;3;Inactivo
420;Marta;Garci­a;Ojeda;M;mgarcia6;}GZkyjXa3CuQ573;mgarcia6@mail.com;8/07/1987;32;0.0;NO;41;62;3;Inactivo
46;Mercedes;Gonzalez;Aguera;M;mergonzalez;3?uD&e22g+[%8]B;mergonzalez@email.es;14/07/1954;65;0.0;NO;76;72;7;Disponible
130;Mercedes;Martin;Diaz;M;mermartin;5vURzv5AS_uh}6U;mermartin@email.com;1/06/1994;25;0.0;NO;98;5;0;Inactivo
166;Mercedes;Gutierrez;Molina;M;gutierrez90;-7H$ZLexR)Yc8m9;gutierrez90@correo.com;25/01/1953;66;0.0;SI;66;20;2;Inactivo
194;Mercedes;Diaz;Cantos;M;merdiaz;7:xEWdL=BDC@gja;merdiaz@email.net;18/01/1962;57;0.0;NO;81;20;3;Disponible
141;Miguel;Muñoz;Sanchez;H;mMuñoz;]:ND+]j3ED_wr&K;mMuñoz@email.com;14/11/1974;44;930.21;No Aplica;45;8;1;Disponible
143;Miguel;Roca;Alba;H;mroca;[Xz9v(NJZqw59ue;mroca@correo.es;28/10/1937;82;401.26;No Aplica;12;62;2;Inactivo
167;Miguel;Cueto;Muñoz;H;m.cueto;m!CGFhMbg)6vy/f;m.cueto@correo.com;28/07/1953;66;417.9;No Aplica;10;33;0;Inactivo
204;Miguel;Marco;Pelaez;H;mig.marco;vq$+PpjArnDa3fT;mig.marco@correo.com;6/06/1953;66;704.58;No Aplica;46;12;1;Inactivo
462;Miguel;Ivanova;Hurtado;H;ivanova85;BWGEAcjFA7]%Jp2;ivanova85@email.com;25/08/1959;60;309.26;No Aplica;80;47;7;Disponible
48;Miguel Angel;Trinidad;Moreno;H;miguelangel.trinidad;9zn=bW:!_/e#?WX;miguelangel.trinidad@email.es;18/01/1994;25;856.05;No Aplica;20;6;1;Disponible
54;Miguel Angel;Bayona;Piris;H;miguebayona;ZC{5*d}6)xxe?pa;miguebayona@email.net;7/09/1953;66;999.28;No Aplica;6;90;0;Inactivo
64;Miguel Angel;Vega;Rodriguez;H;m.vega;r9bRYaW_h:z3]XV;m.vega@mail.net;5/07/1958;61;939.88;No Aplica;40;52;2;Disponible
148;Miguel Angel;Sanchez;Gonzales;H;msanchez;Z.x9&WKWU(3D&}a;msanchez@mail.es;9/08/1986;33;364.52;No Aplica;91;36;6;Inactivo
181;Miguel Angel;Rubio;Lopez;H;migrubio;VxzD#cA9%*_M.6/;migrubio@correo.es;21/10/1969;50;414.1;No Aplica;55;13;1;Inactivo
183;Miguel Angel;Fernandez;Bravo;H;migue.fernandez;BM*E+?$aS6n8epG;migue.fernandez@correo.com;4/07/1962;57;339.21;No Aplica;53;63;4;Inactivo
242;Miguel Angel;Peña;Rodriguez;H;migPeña;F@$!f#tBM6gA2z;migPeña@email.net;13/08/1956;63;709.33;No Aplica;93;63;9;Inactivo
36;Milagros;Lopez;Cañas;M;milagroslopez;G%u6SafJfDNHSP2;milagroslopez@correo.com;14/07/1940;79;0.0;NO;27;10;1;Disponible
41;Milagros;Muñoz;Rubio;M;mMuñozz35;t#r:nbweRdasd%jT;mMuñozz35@email.es;9/08/1958;61;0.0;NO;49;97;0;Disponible
226;Mohamed;Moreno;Rodriguez;H;mohamedmoreno47;%Q:-Jq=@r$*:R!;mohamedmoreno47@mail.com;11/07/1944;75;648.21;No Aplica;34;77;4;Inactivo
77;Monica;Ortiz;Navas;M;ortiz98;(UHTt?wZmYD2A#(;ortiz98@mail.net;13/04/1946;73;0.0;NO;74;28;0;Inactivo
155;Monica;Castillo;Parraga;M;monicacastillo;]7[=S2HezXv5p8{;monicacastillo@correo.es;30/05/1978;41;0.0;SI;21;22;0;Disponible
267;Monica;Carrasco;Escribano;M;monica.carrasco;yjz%u!:SyG_i$H;monica.carrasco@correo.com;10/02/1968;51;0.0;NO;96;93;6;Inactivo
351;Monica;Notario;Quintana;M;mnotario67;$U--gM(#fy+QT[d;mnotario67@mail.net;3/12/1950;68;0.0;SI;88;33;5;Disponible
361;Montserrat;Marcos;Gutierrez;M;mmarcos29;w@FLz.25N[8AgX!;mmarcos29@mail.es;20/04/1985;34;0.0;SI;2;4;0;Inactivo
144;Natalia;Nieto;Martinez;M;natalianieto;e%TDv$u@iv*?qW;natalianieto@email.com;4/08/1939;80;0.0;SI;30;5;0;Inactivo
467;Natalia;Guzman;Guzman;M;nat123;123;abc@gmail.com;1/01/1990;32;0.0;1990;0;25;0;Disponible
245;Nuria;Salguero;Rodriguez;M;nuria.salguero;4_Ar#H.5-@Hu[G;nuria.salguero@correo.com;16/11/1939;79;0.0;SI;63;16;1;Disponible
208;Pablo;Esteve;Galan;H;pabloesteve;.h/-vQ@X*PMNL5;pabloesteve@mail.es;11/09/1988;31;303.27;No Aplica;73;42;2;Disponible
253;Pablo;Cortes;Mora;H;pabcortes95;v.QD.dk/85h(%uR;pabcortes95@email.com;25/03/1981;38;248.45;No Aplica;82;42;6;Inactivo
272;Pablo;Alonso;Rius;H;palonso65;#&q9eVb(PDKSvWx;palonso65@email.es;24/01/1947;72;523.8;No Aplica;14;9;0;Inactivo
409;Pablo;Sanchez;Arrieta;H;psanchez;A=Nxmnz(fgRr[b;psanchez@email.com;16/05/1961;58;925.95;No Aplica;57;77;6;Inactivo
448;Pablo;Gutierrez;Camarasa;H;pgutierrez;)N)g&a-ij{vvyB;pgutierrez@correo.es;2/10/1937;82;69.94;No Aplica;46;22;1;Inactivo
9;Pedro;Cueva;Gras;H;cueva55;@.ZSa{/[WX?Pzb};cueva55@email.es;28/02/1991;28;372.83;No Aplica;3;84;0;Inactivo
290;Pedro;Moreno;Martin;H;pmoreno40;MX[q}[cb*eJt/=d;pmoreno40@mail.com;13/11/1951;67;120.69;No Aplica;18;23;0;Disponible
297;Pedro;Buendia;Aguilar;H;buendia96;fM&--AxydCq*8%d;buendia96@correo.es;20/02/1949;70;204.23;No Aplica;73;70;2;Inactivo
387;Pedro;Suarez;Moran;H;pedrosuarez;TraR#2G3UBjz*EW;pedrosuarez@email.net;10/11/1937;81;122.92;No Aplica;22;11;1;Inactivo
17;Pilar;Varela;Garcia;M;pvarela;q-Za.R)C/Y4z$fS;pvarela@correo.net;19/02/1944;75;0.0;SI;57;79;0;Inactivo
126;Pilar;Lujan;Campos;M;plujan;pq/4=Cmuu$e7w5&;plujan@email.com;16/08/1999;20;0.0;NO;92;61;9;Disponible
149;Pilar;Robles;Vila;M;robles90;r/Dr$:W:aaEt3G;robles90@email.com;1/02/1944;75;0.0;SI;77;90;12;Inactivo
239;Pilar;Macias;Carmona;M;pilmacias;q5!p3AWAawM)C7_;pilmacias@email.es;21/12/1953;65;0.0;SI;52;94;5;Disponible
344;Pilar;Urbano;Lopez;M;pilarurbano;_WJU#r!dGYX5S5q;pilarurbano@mail.es;20/02/1963;56;0.0;NO;53;72;6;Inactivo
1;Rafael;De Pedro;Peña;H;depedro9;[je4Wg34BEv7qSh;depedro9@mail.com;3/02/1970;49;292.84;No Aplica;11;9;1;Inactivo
49;Rafael;Ordoñez;Gaspar;H;rafordoñez;+Uj5Y$G*6g6_!Cr;rafordoñez@mail.es;1/11/1963;55;686.57;No Aplica;57;58;3;Disponible
159;Rafael;Garcia;Marquez;H;rafaelgarcia78;NcvNS(@7=9CLi3T;rafaelgarcia78@mail.com;21/10/1946;73;799.41;No Aplica;91;2;0;Disponible
170;Rafael;Alonso;Barbero;H;alonso95;BWdhuQ/c)=]mEfB;alonso95@email.net;19/01/1979;40;73.78;No Aplica;43;10;0;Inactivo
281;Rafael;Casal;Sanchez;H;rafael.casal;59f.:gw9(r#v-E;rafael.casal@correo.net;26/07/1937;82;716.21;No Aplica;97;17;2;Inactivo
376;Rafael;Da Costa;Sanchez;H;d17;c%%nW9A[yn!V.-H;d17@correo.com;27/10/1953;66;194.99;No Aplica;13;93;0;Inactivo
177;Rafaela;Perez;Bellon;M;rperez;uLB]Lnr@u_8.6r;rperez@email.es;3/04/1980;39;0.0;NO;6;60;1;Inactivo
2;Ramon;Dueñas;Cruz;H;rdueñas;&Y}tuFfUR4T?fK;rdueñas@correo.es;13/02/1943;76;266.27;No Aplica;20;48;1;Disponible
123;Ramon;Carril;Ramos;H;rcarril;[d(=kqcQp.b8MAn;rcarril@mail.com;11/03/1946;73;519.5;No Aplica;22;63;2;Disponible
309;Ramon;Murillo;Martinez;H;rmurillo;u?Y33M6yq8fEk-[;rmurillo@email.net;3/04/1969;50;784.14;No Aplica;38;61;4;Inactivo
345;Ramon;Zamora;Llorente;H;rzamora5;f{kR/m4ttr)SX;rzamora5@mail.net;18/01/1939;80;886.65;No Aplica;30;81;2;Inactivo
"430;Ramon;Fernandez;Garmendia;H;rfernandez;A#}i)(zDXH)(=["";rfernandez@mail.com;13/04/1981;38;944.29;No Aplica;29;97;3;Disponible"
304;Raquel;Murillo;Ferreiro;M;murillo61;Ec{PiphYH{?pGx4;murillo61@mail.net;28/12/1988;30;0.0;NO;76;45;2;Inactivo
131;Raul;Catala;Hernandez;H;raucatala;q*zXM[R/!Mj#R6;raucatala@mail.com;24/07/1995;24;435.75;No Aplica;100;84;1;Inactivo
395;Roberto;Beni­tez;Torres;H;robbenitez40;c)iZ){K=X/_L?D;robbenitez40@mail.net;11/10/1979;40;626.06;No Aplica;27;36;2;Inactivo
334;Rocio;Ortega;Casanova;M;rortega;7f.Xk4_Hb9.cU=6;rortega@mail.es;23/10/1961;58;0.0;SI;72;53;8;Inactivo
464;Rocio;Del Valle;Ribera;M;r.de;[C%v$cq/k&2*:r;r.de@mail.net;25/02/1985;34;0.0;SI;73;99;0;Inactivo
16;Roci­o;Dimitrov;Garci­a;M;dimitrov97;Nz7tzqdnGLi#=(;dimitrov97@mail.com;16/01/1998;21;0.0;SI;88;64;2;Disponible
55;Roci­o;Jimenez;Cortes;M;r.jimenez;c${:M[{Mb-3+XW;r.jimenez@correo.net;17/02/1939;80;0.0;NO;28;22;0;Disponible
398;Roci­o;Fernandez;Rodri­guez;M;rociofernandez;G)@+gVD6wg$niSR;rociofernandez@mail.com;27/01/1989;30;0.0;NO;79;55;9;Disponible
103;Rosa;Ribas;Paez;M;ribas57;9M*pVY$#?+vJKR!;ribas57@correo.net;21/06/1978;41;0.0;NO;8;90;0;Disponible
216;Rosa;Pons;Ramos;M;rpons;p5BYMmeQY_UA&-;rpons@mail.es;9/07/1993;26;0.0;SI;47;66;4;Inactivo
328;Rosa;Garcia;Aznar;M;garcia91;CWz)B$SjDqU{y/R;garcia91@mail.net;30/10/1961;58;0.0;NO;57;80;1;Disponible
94;Rosa Maria;Merino;Jimenez;M;rmerino;ZH:N}q&S-mCMt#D;rmerino@mail.net;27/03/1954;65;0.0;SI;26;19;3;Disponible
95;Rosa Maria;Reina;Alonso;M;rosreina;.?D8PHCk%BFJj6];rosreina@mail.net;17/01/1962;57;0.0;NO;78;99;3;Inactivo
188;Rosa Maria;Chica;Costa;M;roschica67;hb)!Q$N&6b?:TnG;roschica67@correo.es;21/08/1952;67;0.0;NO;9;1;0;Disponible
220;Rosa Maria;Chamorro;Lago;M;roschamorro;J_CG:!jrupvv{M;roschamorro@correo.net;22/11/1959;59;0.0;SI;15;24;0;Disponible
218;Rosario;Ramirez;Lago;M;rosarioramirez;=:g_[E]y?m8)/;rosarioramirez@correo.com;12/07/1937;82;0.0;SI;31;58;1;Disponible
301;Ruben;Cordoba;Benavides;H;rub.cordoba;z4TUdtSzn6N47TL;rub.cordoba@mail.com;28/03/1971;48;244.12;No Aplica;97;38;6;Inactivo
327;Ruben;Rodriguez;Palomo;H;rubenrodriguez91;%W[7?_t6!?4)-t%;rubenrodriguez91@correo.es;11/09/1961;58;460.92;No Aplica;99;67;1;Inactivo
56;Salvador;Aguilar;Reyes;H;salvadoraguilar;KC)USZUWPKzcv;salvadoraguilar@correo.net;15/02/1935;84;101.11;No Aplica;11;78;1;Disponible
396;Salvador;Jordan;Rodri­guez;H;saljordan;qY9@byM&PuFTyja;saljordan@email.es;17/08/1941;78;961.0;No Aplica;22;62;1;Inactivo
411;Salvador;Alonso;Perez;H;sal.alonso;jvwM=bk4]?z@LjZ;sal.alonso@email.net;21/06/1998;21;957.85;No Aplica;36;96;0;Disponible
98;Santiago;Ares;Riba;H;santiagoares65;RDH[SHpTg)LtY:f;santiagoares65@correo.com;28/05/1960;59;141.4;No Aplica;75;23;2;Disponible
339;Santiago;Estevez;Vargas;H;santiagoestevez10;zHw9QE@eQfQQ+p;santiagoestevez10@mail.net;1/02/1960;59;838.21;No Aplica;94;60;4;Inactivo
424;Santiago;Quiros;Vivas;H;squiros;NKF8WFw(tXGAt$;squiros@email.com;6/11/1937;81;617.15;No Aplica;10;78;1;Inactivo
135;Sergio;Gonzales;Moyano;H;sergiogonzalez;%Qca_rae$BjNbdh;sergiogonzalez@correo.net;7/09/1977;42;396.21;No Aplica;75;61;6;Inactivo
137;Sergio;Losada;Espinosa;H;s.losada;C%pW3UEuwXV:QS*;s.losada@correo.es;1/07/1943;76;203.02;No Aplica;21;5;0;Disponible
212;Sergio;Moya;Moral;H;moya67;B8YMA[f_p5!4A+t;moya67@correo.net;19/03/1936;83;129.26;No Aplica;13;9;0;Inactivo
366;Sergio;Diaz;Simon;H;sergiodiaz46;!FxG@aj{H-:k.wy;sergiodiaz46@correo.com;30/09/1936;83;442.93;No Aplica;12;91;2;Disponible
370;Silvia;Mendez;Gonzalez;M;silviamendez;]w}c+YZmdX{FZ_g;silviamendez@mail.net;2/05/1992;27;0.0;SI;15;49;1;Inactivo
358;Sonia;Lopez;Salas;M;sonlopez86;-MaB_(XqbLhZ7v;sonlopez86@email.es;28/09/1938;81;0.0;SI;62;27;3;Inactivo
252;Susana;Perez;Gonzales;M;susana.perez;*2]XB(MdveH6j7;susana.perez@correo.net;2/03/1952;67;0.0;NO;34;51;5;Disponible
332;Susana;Campos;Mendoza;M;campos37;4*6E!Mbh!hb2+d=;campos37@mail.es;18/01/1985;34;0.0;NO;82;14;1;Disponible
417;Susana;Otero;Riveiro;M;sus.otero;ev65_vLM-zrk2Le;sus.otero@mail.es;2/04/1995;24;0.0;SI;69;40;5;Inactivo
93;Teresa;Calle;Arribas;M;tcalle80;@bW4+DJu(9RKzeB;tcalle80@correo.net;15/08/1944;75;0.0;NO;79;87;12;Inactivo
134;Teresa;Alvarez;Costa;M;talvarez;zRqDc_Yz6]Me%Ak;talvarez@email.net;5/08/1991;28;0.0;NO;73;52;0;Inactivo
256;Teresa;Garcia;Rodriguez;M;garcia50;hQ&?(3cME(a=&Vr;garcia50@correo.com;22/11/1970;48;0.0;SI;75;60;8;Disponible
438;Teresa;Luque;Maza;M;tluque;-m]yZRbM)(HB_{;tluque@mail.com;14/06/1940;79;0.0;SI;59;38;5;Inactivo
447;Unai;Jurado;Rivera;H;unai.jurado;:TPbQ?79zTf-9_B;unai.jurado@email.com;22/02/1964;55;718.21;No Aplica;70;61;1;Disponible
44;Vicente;Garci­a;Esteban;H;garcia24;nzdvJM3:UwXMfZ@;garcia24@correo.com;29/07/1971;48;810.01;No Aplica;61;22;2;Inactivo
125;Vicente;Ruiz;Andreu;H;ruiz96;$F/HVC*$pZhBJUM;ruiz96@email.es;21/02/1936;83;949.78;No Aplica;14;71;1;Disponible
393;Yolanda;Acero;Nuñez;M;acero75;%dmx[G5+b//DahZ;acero75@mail.com;7/03/1963;56;0.0;SI;27;21;3;Disponible
432;Yolanda;Sanchez;Sanchez;M;yolsanchez;)RK?gc6x:[8=MpP;yolsanchez@mail.es;18/11/1986;32;0.0;SI;57;90;8;Inactivo
470;adasd;asdasd;sdsasd;M;asdsd;qwewq;dpinerosh@unbosque.edu.co;6/05/2000;22;0.0;No;0;0;0;Disponible
471;asdsad;asdsaasd;sdasd;H;asd;wqef;pinerosedwin@gmail.com;6/06/1991;31;151.0;No Aplica;0;0;0;Disponible
472;juan david;garcia;urueta;H;panda;b4rc3l0n4;juan.garcia17@usa.edu.co;12/7/2004;18;22212.0;No Aplica;0;0;0;Disponible
473;juan david;garcia;urueta;H;panda;b4rc3l0n4;garciauruetajuandavid@gmail.com;12/7/2004;18;22212.0;No Aplica;0;3;0;Inactivo
474;ASDASD;ASSSADA;ASDASD;M;kiko;123;kgagudelo@gmail.com;1/1/1906;117;0.0;Si;0;0;0;Disponible
